id,province,curr_diagnose,sum_diagnose,death,cure,date,note
1,湖北,43445,48206,1310,3451,2020/2/12,
2,广东,950,1241,10,289,2020/2/12,
3,河南,873,1169,9,286,2020/2/12,
4,浙江,786,1145,5,359,2020/2/12,
5,湖南,636,968,4,330,2020/2/12,
6,安徽,756,910,3,149,2020/2/12,
7,江西,701,872,3,170,2020/2/12,
8,江苏,437,570,3,133,2020/2/12,
9,重庆,408,525,3,114,2020/2/12,
10,山东,403,509,2,104,2020/2/12,
11,四川,349,451,2,101,2020/2/12,
12,黑龙江,354,395,2,32,2020/2/12,
13,北京,295,366,2,68,2020/2/12,
14,上海,252,315,2,62,2020/2/12,
15,福建,225,279,1,54,2020/2/12,
16,河北,196,265,1,66,2020/2/12,
17,陕西,184,229,1,45,2020/2/12,
18,广西,187,222,1,33,2020/2/12,
19,海南,126,157,1,27,2020/2/12,
20,云南,129,156,1,27,2020/2/12,
21,贵州,114,135,1,20,2020/2/12,
22,山西,93,126,0,33,2020/2/12,
23,天津,103,117,0,11,2020/2/12,
24,辽宁,94,116,0,21,2020/2/12,
25,甘肃,51,87,0,34,2020/2/12,
26,吉林,61,84,0,22,2020/2/12,
27,宁夏,40,64,0,24,2020/2/12,
28,新疆,59,63,0,3,2020/2/12,
29,内蒙古,55,61,0,6,2020/2/12,
30,香港,49,51,0,1,2020/2/12,
31,台湾,17,18,0,1,2020/2/12,
32,青海,7,18,0,11,2020/2/12,
33,澳门,8,10,0,2,2020/2/12,
34,西藏,0,1,0,1,2020/2/12,
35,湖北,46768,51986,1318,3900,2020/2/13,
36,广东,911,1261,2,348,2020/2/13,
37,河南,823,1184,11,350,2020/2/13,
38,浙江,763,1155,0,392,2020/2/13,
39,安徽,744,934,6,184,2020/2/13,
40,江西,712,900,1,187,2020/2/13,
41,湖南,622,988,2,364,2020/2/13,
42,江苏,436,593,0,157,2020/2/13,
43,重庆,388,532,5,139,2020/2/13,
44,山东,385,523,2,136,2020/2/13,
45,黑龙江,361,418,11,46,2020/2/13,
46,四川,348,463,1,114,2020/2/13,
47,北京,289,372,3,80,2020/2/13,
48,上海,227,318,1,90,2020/2/13,
49,福建,218,281,0,63,2020/2/13,
50,河北,193,283,3,87,2020/2/13,
51,广西,189,226,2,35,2020/2/13,
52,陕西,181,230,0,49,2020/2/13,
53,云南,127,162,0,35,2020/2/13,
54,海南,115,158,4,39,2020/2/13,
55,贵州,111,140,1,28,2020/2/13,
56,山西,88,126,0,38,2020/2/13,
57,辽宁,87,117,1,29,2020/2/13,
58,天津,86,120,3,31,2020/2/13,
59,吉林,60,86,1,25,2020/2/13,
60,内蒙古,59,65,0,6,2020/2/13,
61,新疆,58,65,1,6,2020/2/13,
62,香港,54,56,1,1,2020/2/13,
63,甘肃,49,90,2,39,2020/2/13,
64,宁夏,43,67,0,24,2020/2/13,
65,台湾,16,18,0,2,2020/2/13,
66,澳门,7,10,0,3,2020/2/13,
67,青海,7,18,0,11,2020/2/13,
68,西藏,0,1,0,1,2020/2/13,
69,湖北,48175,54406,1457,4774,2020/2/14,
70,广东,887,1294,2,405,2020/2/14,
71,河南,828,1212,13,371,2020/2/14,
72,浙江,752,1162,0,410,2020/2/14,
73,安徽,739,950,6,205,2020/2/14,
74,江西,702,913,1,210,2020/2/14,
75,湖南,609,1001,2,390,2020/2/14,
76,江苏,433,604,0,171,2020/2/14,
77,山东,385,530,2,143,2020/2/14,
78,重庆,380,537,5,152,2020/2/14,
79,黑龙江,366,425,11,48,2020/2/14,
80,四川,353,470,1,116,2020/2/14,
81,北京,287,372,3,82,2020/2/14,
82,福建,219,285,0,66,2020/2/14,
83,上海,201,326,1,124,2020/2/14,
84,河北,201,291,3,87,2020/2/14,
85,广西,193,235,2,40,2020/2/14,
86,陕西,178,232,0,54,2020/2/14,
87,云南,123,162,0,39,2020/2/14,
88,海南,120,162,4,38,2020/2/14,
89,贵州,103,143,1,39,2020/2/14,
90,辽宁,89,119,1,29,2020/2/14,
91,山西,89,127,0,38,2020/2/14,
92,天津,86,121,3,32,2020/2/14,
93,新疆,63,70,1,6,2020/2/14,
94,吉林,62,88,1,25,2020/2/14,
95,内蒙古,62,68,0,6,2020/2/14,
96,香港,54,56,1,1,2020/2/14,
97,甘肃,49,90,2,39,2020/2/14,
98,宁夏,43,70,0,27,2020/2/14,
99,台湾,16,18,0,2,2020/2/14,
100,澳门,7,10,0,3,2020/2/14,
101,青海,7,18,0,11,2020/2/14,
102,西藏,0,1,0,1,2020/2/14,
103,湖北,49030,56249,1596,5623,2020/2/15,
104,广东,876,1316,2,438,2020/2/15,
105,河南,797,1231,13,421,2020/2/15,
106,浙江,726,1167,0,441,2020/2/15,
107,安徽,707,962,6,249,2020/2/15,
108,江西,685,925,1,239,2020/2/15,
109,湖南,549,1004,3,452,2020/2/15,
110,江苏,408,617,0,209,2020/2/15,
111,山东,369,537,2,166,2020/2/15,
112,黑龙江,361,445,11,73,2020/2/15,
113,重庆,355,544,5,184,2020/2/15,
114,四川,348,481,3,130,2020/2/15,
115,北京,271,380,4,105,2020/2/15,
116,福建,208,287,0,79,2020/2/15,
117,河北,194,300,3,103,2020/2/15,
118,广西,189,237,2,46,2020/2/15,
119,上海,187,328,1,140,2020/2/15,
120,陕西,172,236,0,64,2020/2/15,
121,云南,127,169,0,42,2020/2/15,
122,海南,119,162,4,39,2020/2/15,
123,贵州,102,144,1,41,2020/2/15,
124,天津,84,124,3,37,2020/2/15,
125,辽宁,84,120,1,35,2020/2/15,
126,山西,82,128,0,46,2020/2/15,
127,内蒙古,63,70,0,7,2020/2/15,
128,吉林,60,89,1,28,2020/2/15,
129,新疆,59,71,1,11,2020/2/15,
130,香港,54,56,1,1,2020/2/15,
131,甘肃,39,90,2,49,2020/2/15,
132,宁夏,37,70,0,33,2020/2/15,
133,台湾,16,18,0,2,2020/2/15,
134,澳门,7,10,0,3,2020/2/15,
135,青海,5,18,0,13,2020/2/15,
136,西藏,0,1,0,1,2020/2/15,
137,湖北,49847,58182,1696,6639,2020/2/16,
138,广东,845,1322,4,473,2020/2/16,
139,河南,790,1246,16,440,2020/2/16,
140,浙江,701,1171,0,470,2020/2/16,
141,安徽,701,973,6,266,2020/2/16,
142,江西,654,930,1,275,2020/2/16,
143,湖南,536,1006,3,467,2020/2/16,
144,江苏,400,626,0,226,2020/2/16,
145,黑龙江,366,457,11,80,2020/2/16,
146,山东,364,541,2,175,2020/2/16,
147,四川,356,495,3,136,2020/2/16,
148,重庆,339,551,5,207,2020/2/16,
149,北京,263,381,4,114,2020/2/16,
150,福建,206,290,0,84,2020/2/16,
151,上海,190,331,1,140,2020/2/16,
152,河北,189,301,3,109,2020/2/16,
153,广西,185,238,2,51,2020/2/16,
154,陕西,166,240,0,74,2020/2/16,
155,云南,129,171,0,42,2020/2/16,
156,海南,106,162,4,52,2020/2/16,
157,贵州,98,146,1,47,2020/2/16,
158,辽宁,79,121,1,41,2020/2/16,
159,山西,79,129,0,50,2020/2/16,
160,天津,76,124,3,45,2020/2/16,
161,内蒙古,64,72,0,8,2020/2/16,
162,新疆,62,75,1,12,2020/2/16,
163,吉林,58,89,1,30,2020/2/16,
164,香港,54,57,1,2,2020/2/16,
165,宁夏,37,70,0,33,2020/2/16,
166,甘肃,34,90,2,54,2020/2/16,
167,台湾,17,20,1,2,2020/2/16,
168,澳门,5,10,0,5,2020/2/16,
169,青海,5,18,0,13,2020/2/16,
170,西藏,0,1,0,1,2020/2/16,
171,湖北,50338,59989,1789,7862,2020/2/17,
172,广东,794,1322,4,524,2020/2/17,
173,河南,721,1246,16,509,2020/2/17,
174,安徽,687,973,6,280,2020/2/17,
175,浙江,664,1171,0,507,2020/2/17,
176,江西,654,930,1,275,2020/2/17,
177,湖南,505,1006,3,498,2020/2/17,
178,黑龙江,368,464,11,85,2020/2/17,
179,江苏,368,626,0,258,2020/2/17,
180,山东,348,541,2,191,2020/2/17,
181,四川,336,495,3,156,2020/2/17,
182,重庆,323,553,5,225,2020/2/17,
183,北京,263,381,4,114,2020/2/17,
184,福建,201,292,0,91,2020/2/17,
185,广西,182,242,2,58,2020/2/17,
186,河北,175,302,4,123,2020/2/17,
187,上海,171,333,1,161,2020/2/17,
188,陕西,161,240,0,79,2020/2/17,
189,云南,124,171,0,47,2020/2/17,
190,海南,100,163,4,59,2020/2/17,
191,贵州,88,146,1,57,2020/2/17,
192,辽宁,77,121,1,43,2020/2/17,
193,山西,77,130,0,53,2020/2/17,
194,天津,76,125,3,46,2020/2/17,
195,内蒙古,64,72,0,8,2020/2/17,
196,新疆,62,75,1,12,2020/2/17,
197,香港,57,60,1,2,2020/2/17,
198,吉林,54,89,1,34,2020/2/17,
199,宁夏,35,70,0,35,2020/2/17,
200,甘肃,31,91,2,58,2020/2/17,
201,台湾,19,22,1,2,2020/2/17,
202,澳门,5,10,0,5,2020/2/17,
203,青海,5,18,0,13,2020/2/17,
204,西藏,0,1,0,1,2020/2/17,
205,湖北,50633,61682,1921,9128,2020/2/18,
206,广东,759,1328,4,565,2020/2/18,
207,河南,716,1257,19,522,2020/2/18,
208,浙江,637,1172,0,535,2020/2/18,
209,江西,622,933,1,310,2020/2/18,
210,安徽,615,982,6,361,2020/2/18,
211,湖南,476,1007,4,527,2020/2/18,
212,黑龙江,350,470,12,108,2020/2/18,
213,江苏,349,629,0,280,2020/2/18,
214,四川,336,508,3,169,2020/2/18,
215,山东,326,544,3,215,2020/2/18,
216,重庆,296,555,5,254,2020/2/18,
217,北京,261,387,4,122,2020/2/18,
218,福建,197,293,0,96,2020/2/18,
219,广西,166,244,2,76,2020/2/18,
220,河北,166,306,4,136,2020/2/18,
221,上海,155,333,1,177,2020/2/18,
222,陕西,151,240,0,89,2020/2/18,
223,云南,115,172,0,57,2020/2/18,
224,海南,80,163,4,79,2020/2/18,
225,贵州,78,146,2,66,2020/2/18,
226,天津,77,128,3,48,2020/2/18,
227,山西,70,131,0,61,2020/2/18,
228,辽宁,67,121,1,53,2020/2/18,
229,内蒙古,65,73,0,8,2020/2/18,
230,新疆,63,76,1,12,2020/2/18,
231,香港,59,62,1,2,2020/2/18,
232,吉林,53,90,1,36,2020/2/18,
233,宁夏,28,70,0,42,2020/2/18,
234,甘肃,27,91,2,62,2020/2/18,
235,台湾,19,22,1,2,2020/2/18,
236,澳门,5,10,0,5,2020/2/18,
237,青海,3,18,0,15,2020/2/18,
238,西藏,0,1,0,1,2020/2/18,
239,湖北,49665,62031,2029,10337,2020/2/19,
240,广东,720,1331,5,606,2020/2/19,
241,河南,670,1262,19,573,2020/2/19,
242,江西,571,934,1,362,2020/2/19,
243,浙江,570,1174,0,604,2020/2/19,
244,安徽,567,986,6,413,2020/2/19,
245,湖南,443,1008,4,561,2020/2/19,
246,黑龙江,341,476,12,123,2020/2/19,
247,四川,323,514,3,188,2020/2/19,
248,江苏,313,631,0,318,2020/2/19,
249,山东,304,546,4,238,2020/2/19,
250,重庆,281,560,5,274,2020/2/19,
251,北京,244,393,4,145,2020/2/19,
252,福建,181,293,0,112,2020/2/19,
253,广西,156,245,2,87,2020/2/19,
254,河北,150,307,5,152,2020/2/19,
255,上海,145,333,2,186,2020/2/19,
256,陕西,140,242,0,102,2020/2/19,
257,云南,111,172,1,60,2020/2/19,
258,海南,80,168,4,84,2020/2/19,
259,贵州,74,146,2,70,2020/2/19,
260,天津,73,130,3,54,2020/2/19,
261,辽宁,65,121,1,55,2020/2/19,
262,内蒙古,64,75,0,11,2020/2/19,
263,山西,63,131,0,68,2020/2/19,
264,香港,56,63,2,5,2020/2/19,
265,新疆,55,76,1,20,2020/2/19,
266,吉林,52,90,1,37,2020/2/19,
267,宁夏,29,71,0,42,2020/2/19,
268,甘肃,24,91,2,65,2020/2/19,
269,台湾,20,23,1,2,2020/2/19,
270,澳门,5,10,0,5,2020/2/19,
271,青海,2,18,0,16,2020/2/19,
272,西藏,0,1,0,1,2020/2/19,
273,湖北,48510,62442,2144,11788,2020/2/20,
274,广东,685,1332,5,642,2020/2/20,
275,浙江,541,1175,1,633,2020/2/20,
276,河南,531,1267,19,717,2020/2/20,
277,江西,500,934,1,433,2020/2/20,
278,安徽,482,988,6,500,2020/2/20,
279,湖南,372,1010,4,634,2020/2/20,
280,黑龙江,326,479,12,141,2020/2/20,
281,四川,300,520,3,217,2020/2/20,
282,山东,288,546,4,254,2020/2/20,
283,江苏,275,631,0,356,2020/2/20,
284,重庆,262,567,6,299,2020/2/20,
285,北京,238,395,4,153,2020/2/20,
286,福建,158,293,1,134,2020/2/20,
287,广西,149,246,2,95,2020/2/20,
288,上海,133,334,2,199,2020/2/20,
289,河北,133,308,5,170,2020/2/20,
290,陕西,126,245,1,118,2020/2/20,
291,云南,93,174,2,79,2020/2/20,
292,海南,75,168,4,89,2020/2/20,
293,贵州,72,146,2,72,2020/2/20,
294,天津,69,131,3,59,2020/2/20,
295,辽宁,61,121,1,59,2020/2/20,
296,香港,60,68,2,6,2020/2/20,
297,内蒙古,59,75,0,16,2020/2/20,
298,山西,56,132,0,76,2020/2/20,
299,新疆,53,76,1,22,2020/2/20,
300,吉林,46,91,1,44,2020/2/20,
301,宁夏,27,71,0,44,2020/2/20,
302,台湾,21,24,1,2,2020/2/20,
303,甘肃,18,91,2,71,2020/2/20,
304,澳门,4,10,0,6,2020/2/20,
305,青海,2,18,0,16,2020/2/20,
306,西藏,0,1,0,1,2020/2/20,
307,湖北,49063,63088,2144,11881,2020/2/21,
308,广东,638,1333,5,690,2020/2/21,
309,浙江,523,1203,1,679,2020/2/21,
310,河南,512,1267,19,736,2020/2/21,
311,山东,464,749,4,281,2020/2/21,
312,江西,444,934,1,489,2020/2/21,
313,安徽,443,988,6,539,2020/2/21,
314,湖南,346,1011,4,661,2020/2/21,
315,四川,291,525,3,231,2020/2/21,
316,黑龙江,284,479,12,183,2020/2/21,
317,江苏,258,631,0,373,2020/2/21,
318,重庆,250,572,6,316,2020/2/21,
319,北京,223,396,4,169,2020/2/21,
320,广西,147,246,2,97,2020/2/21,
321,福建,143,293,1,149,2020/2/21,
322,上海,121,334,2,211,2020/2/21,
323,河北,119,309,6,184,2020/2/21,
324,陕西,110,245,1,134,2020/2/21,
325,云南,76,174,2,96,2020/2/21,
326,海南,69,168,4,95,2020/2/21,
327,贵州,67,146,2,77,2020/2/21,
328,天津,67,132,3,62,2020/2/21,
329,香港,61,68,2,5,2020/2/21,
330,辽宁,59,121,1,61,2020/2/21,
331,内蒙古,58,75,0,17,2020/2/21,
332,山西,54,132,0,78,2020/2/21,
333,新疆,51,76,1,24,2020/2/21,
334,吉林,45,91,1,45,2020/2/21,
335,宁夏,23,71,0,48,2020/2/21,
336,台湾,23,26,1,2,2020/2/21,
337,甘肃,13,91,2,76,2020/2/21,
338,澳门,4,10,0,6,2020/2/21,
339,青海,0,18,0,18,2020/2/21,
340,西藏,0,1,0,1,2020/2/21,
341,湖北,46439,64084,2346,15299,2020/2/22,
342,广东,606,1339,5,728,2020/2/22,
343,浙江,485,1205,1,719,2020/2/22,
344,山东,444,750,4,302,2020/2/22,
345,河南,391,1271,19,861,2020/2/22,
346,安徽,386,989,6,597,2020/2/22,
347,江西,378,934,1,555,2020/2/22,
348,湖南,317,1013,4,692,2020/2/22,
349,四川,273,526,3,250,2020/2/22,
350,黑龙江,253,480,12,215,2020/2/22,
351,重庆,239,573,6,328,2020/2/22,
352,江苏,230,631,0,401,2020/2/22,
353,北京,217,399,4,178,2020/2/22,
354,广西,143,249,2,104,2020/2/22,
355,福建,130,293,1,162,2020/2/22,
356,上海,105,335,3,227,2020/2/22,
357,河北,101,311,6,204,2020/2/22,
358,陕西,95,245,1,149,2020/2/22,
359,天津,67,135,3,65,2020/2/22,
360,云南,65,174,2,107,2020/2/22,
361,香港,61,69,2,6,2020/2/22,
362,海南,60,168,4,104,2020/2/22,
363,贵州,54,146,2,90,2020/2/22,
364,辽宁,52,121,1,68,2020/2/22,
365,山西,51,132,0,81,2020/2/22,
366,内蒙古,49,75,0,26,2020/2/22,
367,新疆,49,76,2,25,2020/2/22,
368,吉林,38,91,1,52,2020/2/22,
369,宁夏,23,71,0,48,2020/2/22,
370,台湾,23,26,1,2,2020/2/22,
371,甘肃,13,91,2,76,2020/2/22,
372,澳门,4,10,0,6,2020/2/22,
373,青海,0,18,0,18,2020/2/22,
374,西藏,0,1,0,1,2020/2/22,
375,湖北,46395,64084,2346,15343,2020/2/23,
376,广东,581,1342,6,755,2020/2/23,
377,浙江,444,1205,1,760,2020/2/23,
378,山东,426,755,4,325,2020/2/23,
379,安徽,335,989,6,648,2020/2/23,
380,河南,322,1271,19,930,2020/2/23,
381,江西,320,934,1,613,2020/2/23,
382,湖南,291,1016,4,721,2020/2/23,
383,四川,261,527,3,263,2020/2/23,
384,黑龙江,244,480,12,224,2020/2/23,
385,重庆,234,575,6,335,2020/2/23,
386,江苏,204,631,0,427,2020/2/23,
387,北京,197,399,4,198,2020/2/23,
388,广西,142,251,2,107,2020/2/23,
389,福建,118,293,1,174,2020/2/23,
390,河北,84,311,6,221,2020/2/23,
391,上海,83,335,3,249,2020/2/23,
392,陕西,82,245,1,162,2020/2/23,
393,香港,61,74,2,11,2020/2/23,
394,云南,57,174,2,115,2020/2/23,
395,海南,57,168,5,106,2020/2/23,
396,天津,51,135,3,81,2020/2/23,
397,辽宁,47,121,1,73,2020/2/23,
398,新疆,46,76,2,28,2020/2/23,
399,内蒙古,45,75,0,30,2020/2/23,
400,山西,44,132,0,88,2020/2/23,
401,贵州,42,146,2,102,2020/2/23,
402,吉林,38,93,1,54,2020/2/23,
403,台湾,25,28,1,2,2020/2/23,
404,宁夏,15,71,0,56,2020/2/23,
405,甘肃,11,91,2,78,2020/2/23,
406,澳门,4,10,0,6,2020/2/23,
407,青海,0,18,0,18,2020/2/23,
408,西藏,0,1,0,1,2020/2/23,
409,湖北,45044,64287,2495,16748,2020/2/24,
410,广东,553,1345,6,786,2020/2/24,
411,浙江,422,1205,1,782,2020/2/24,
412,山东,406,755,6,343,2020/2/24,
413,安徽,320,989,6,663,2020/2/24,
414,河南,309,1271,19,943,2020/2/24,
415,江西,288,934,1,645,2020/2/24,
416,湖南,281,1016,4,731,2020/2/24,
417,四川,248,527,3,276,2020/2/24,
418,黑龙江,236,480,12,232,2020/2/24,
419,重庆,221,576,6,349,2020/2/24,
420,北京,197,399,4,198,2020/2/24,
421,江苏,179,631,0,452,2020/2/24,
422,广西,121,252,2,129,2020/2/24,
423,福建,109,293,1,183,2020/2/24,
424,上海,71,335,3,261,2020/2/24,
425,陕西,71,245,1,173,2020/2/24,
426,河北,64,311,6,241,2020/2/24,
427,香港,58,79,2,19,2020/2/24,
428,云南,48,174,2,124,2020/2/24,
429,海南,47,168,5,116,2020/2/24,
430,天津,45,135,3,87,2020/2/24,
431,新疆,44,76,2,30,2020/2/24,
432,贵州,42,146,2,102,2020/2/24,
433,内蒙古,41,75,0,34,2020/2/24,
434,山西,39,133,0,94,2020/2/24,
435,辽宁,37,121,1,83,2020/2/24,
436,吉林,32,93,1,60,2020/2/24,
437,台湾,24,30,1,5,2020/2/24,
438,宁夏,13,71,0,58,2020/2/24,
439,甘肃,9,91,2,80,2020/2/24,
440,澳门,4,10,0,6,2020/2/24,
441,青海,0,18,0,18,2020/2/24,
442,西藏,0,1,0,1,2020/2/24,
443,湖北,43252,64786,2563,18971,2020/2/25,
444,广东,518,1347,7,822,2020/2/25,
445,浙江,396,1205,1,808,2020/2/25,
446,山东,393,756,6,357,2020/2/25,
447,安徽,271,989,6,712,2020/2/25,
448,江西,250,934,1,683,2020/2/25,
449,湖南,244,1016,4,768,2020/2/25,
450,四川,237,529,3,289,2020/2/25,
451,河南,229,1271,19,1023,2020/2/25,
452,黑龙江,223,480,12,245,2020/2/25,
453,重庆,198,576,6,372,2020/2/25,
454,北京,181,400,4,215,2020/2/25,
455,江苏,173,631,0,458,2020/2/25,
456,广西,112,252,2,138,2020/2/25,
457,福建,88,294,1,205,2020/2/25,
458,上海,65,336,3,268,2020/2/25,
459,香港,63,84,2,19,2020/2/25,
460,河北,58,312,6,248,2020/2/25,
461,陕西,58,245,1,186,2020/2/25,
462,新疆,44,76,2,30,2020/2/25,
463,云南,43,174,2,129,2020/2/25,
464,天津,41,135,3,91,2020/2/25,
465,贵州,40,146,2,104,2020/2/25,
466,内蒙古,40,75,0,35,2020/2/25,
467,海南,39,168,5,124,2020/2/25,
468,山西,35,133,0,98,2020/2/25,
469,辽宁,32,121,1,88,2020/2/25,
470,吉林,29,93,1,63,2020/2/25,
471,台湾,25,31,1,5,2020/2/25,
472,宁夏,10,71,0,61,2020/2/25,
473,甘肃,9,91,2,80,2020/2/25,
474,澳门,3,10,0,7,2020/2/25,
475,青海,0,18,0,18,2020/2/25,
476,西藏,0,1,0,1,2020/2/25,
477,湖北,41603,65187,2615,20969,2020/2/26,
478,广东,489,1347,7,851,2020/2/26,
479,山东,369,756,6,381,2020/2/26,
480,浙江,337,1205,1,867,2020/2/26,
481,安徽,239,989,6,744,2020/2/26,
482,湖南,229,1016,4,783,2020/2/26,
483,四川,221,534,3,310,2020/2/26,
484,江西,214,934,1,719,2020/2/26,
485,黑龙江,205,480,13,262,2020/2/26,
486,河南,190,1272,20,1062,2020/2/26,
487,重庆,186,576,6,384,2020/2/26,
488,北京,161,400,4,235,2020/2/26,
489,江苏,153,631,0,478,2020/2/26,
490,广西,91,252,2,159,2020/2/26,
491,福建,70,296,1,225,2020/2/26,
492,香港,65,91,2,24,2020/2/26,
493,上海,62,337,3,272,2020/2/26,
494,陕西,52,245,1,192,2020/2/26,
495,河北,50,317,6,261,2020/2/26,
496,新疆,40,76,2,34,2020/2/26,
497,内蒙古,37,75,0,38,2020/2/26,
498,天津,36,135,3,96,2020/2/26,
499,海南,34,168,5,129,2020/2/26,
500,贵州,32,146,2,112,2020/2/26,
501,山西,29,133,0,104,2020/2/26,
502,云南,28,174,2,144,2020/2/26,
503,辽宁,28,121,1,92,2020/2/26,
504,吉林,27,93,1,65,2020/2/26,
505,台湾,26,32,1,5,2020/2/26,
506,甘肃,8,91,2,81,2020/2/26,
507,宁夏,6,71,0,65,2020/2/26,
508,澳门,3,10,0,7,2020/2/26,
509,青海,0,18,0,18,2020/2/26,
510,西藏,0,1,0,1,2020/2/26,
511,湖北,36829,65914,2682,26403,2020/2/27,
512,广东,450,1347,7,890,2020/2/27,
513,山东,363,756,6,387,2020/2/27,
514,浙江,272,1205,1,932,2020/2/27,
515,四川,210,534,3,321,2020/2/27,
516,湖南,209,1017,4,804,2020/2/27,
517,安徽,191,989,6,792,2020/2/27,
518,黑龙江,187,480,13,280,2020/2/27,
519,河南,184,1272,20,1068,2020/2/27,
520,江西,179,934,1,754,2020/2/27,
521,重庆,169,576,6,401,2020/2/27,
522,北京,157,410,5,248,2020/2/27,
523,江苏,133,631,0,498,2020/2/27,
524,广西,84,252,2,166,2020/2/27,
525,香港,66,92,2,24,2020/2/27,
526,福建,63,296,1,232,2020/2/27,
527,上海,58,337,3,276,2020/2/27,
528,陕西,49,245,1,195,2020/2/27,
529,河北,38,318,6,274,2020/2/27,
530,贵州,32,146,2,112,2020/2/27,
531,海南,32,168,5,131,2020/2/27,
532,内蒙古,32,75,0,43,2020/2/27,
533,天津,31,136,3,102,2020/2/27,
534,新疆,31,76,2,43,2020/2/27,
535,辽宁,27,121,1,93,2020/2/27,
536,台湾,26,32,1,5,2020/2/27,
537,山西,26,133,0,107,2020/2/27,
538,吉林,24,93,1,68,2020/2/27,
539,云南,22,174,2,150,2020/2/27,
540,甘肃,8,91,2,81,2020/2/27,
541,宁夏,4,72,0,68,2020/2/27,
542,澳门,2,10,0,8,2020/2/27,
543,青海,0,18,0,18,2020/2/27,
544,西藏,0,1,0,1,2020/2/27,
545,湖北,34617,66337,2727,28993,2020/2/28,
546,广东,359,1349,7,983,2020/2/28,
547,山东,329,756,6,421,2020/2/28,
548,浙江,188,1205,1,1016,2020/2/28,
549,四川,184,538,3,351,2020/2/28,
550,湖南,168,1018,4,846,2020/2/28,
551,黑龙江,166,480,13,301,2020/2/28,
552,重庆,148,576,6,422,2020/2/28,
553,北京,132,411,8,271,2020/2/28,
554,江西,123,935,1,811,2020/2/28,
555,安徽,116,990,6,868,2020/2/28,
556,江苏,108,631,0,523,2020/2/28,
557,河南,81,1272,21,1170,2020/2/28,
558,广西,74,252,2,176,2020/2/28,
559,香港,62,94,2,30,2020/2/28,
560,福建,52,296,1,243,2020/2/28,
561,上海,47,337,3,287,2020/2/28,
562,陕西,37,245,1,207,2020/2/28,
563,贵州,32,146,2,112,2020/2/28,
564,河北,30,318,6,282,2020/2/28,
565,台湾,29,39,1,9,2020/2/28,
566,内蒙古,26,75,0,49,2020/2/28,
567,天津,24,136,3,109,2020/2/28,
568,辽宁,24,121,1,96,2020/2/28,
569,山西,20,133,0,113,2020/2/28,
570,吉林,17,93,1,75,2020/2/28,
571,海南,16,168,5,147,2020/2/28,
572,云南,15,174,2,157,2020/2/28,
573,新疆,11,76,3,62,2020/2/28,
574,甘肃,7,91,2,82,2020/2/28,
575,宁夏,4,73,0,69,2020/2/28,
576,澳门,2,10,0,8,2020/2/28,
577,青海,0,18,0,18,2020/2/28,
578,西藏,0,1,0,1,2020/2/28,
579,湖北,32959,66907,2761,31187,2020/2/29,
580,广东,333,1349,7,1009,2020/2/29,
581,山东,319,756,6,431,2020/2/29,
582,浙江,177,1205,1,1027,2020/2/29,
583,四川,172,538,3,363,2020/2/29,
584,湖南,161,1018,4,853,2020/2/29,
585,黑龙江,137,480,13,330,2020/2/29,
586,重庆,132,576,6,438,2020/2/29,
587,北京,129,413,8,276,2020/2/29,
588,安徽,116,990,6,868,2020/2/29,
589,江西,103,935,1,831,2020/2/29,
590,江苏,102,631,0,529,2020/2/29,
591,广西,71,252,2,179,2020/2/29,
592,河南,65,1272,22,1185,2020/2/29,
593,香港,60,95,2,33,2020/2/29,
594,福建,52,296,1,243,2020/2/29,
595,上海,47,337,3,287,2020/2/29,
596,陕西,37,245,1,207,2020/2/29,
597,贵州,32,146,2,112,2020/2/29,
598,台湾,29,39,1,9,2020/2/29,
599,河北,29,318,6,283,2020/2/29,
600,天津,24,136,3,109,2020/2/29,
601,内蒙古,24,75,0,51,2020/2/29,
602,辽宁,20,122,1,101,2020/2/29,
603,山西,19,133,0,114,2020/2/29,
604,吉林,17,93,1,75,2020/2/29,
605,云南,15,174,2,157,2020/2/29,
606,海南,15,168,5,148,2020/2/29,
607,新疆,11,76,3,62,2020/2/29,
608,甘肃,7,91,2,82,2020/2/29,
609,宁夏,4,73,0,69,2020/2/29,
610,澳门,2,10,0,8,2020/2/29,
611,青海,0,18,0,18,2020/2/29,
612,西藏,0,1,0,1,2020/2/29,
613,湖北,30543,67103,2803,33757,2020/3/1,
614,广东,309,1350,7,1034,2020/3/1,
615,山东,297,758,6,455,2020/3/1,
616,四川,157,538,3,378,2020/3/1,
617,浙江,154,1205,1,1050,2020/3/1,
618,湖南,138,1018,4,876,2020/3/1,
619,北京,129,413,8,276,2020/3/1,
620,重庆,120,576,6,450,2020/3/1,
621,黑龙江,117,480,13,350,2020/3/1,
622,安徽,96,990,6,888,2020/3/1,
623,江苏,95,631,0,536,2020/3/1,
624,江西,84,935,1,850,2020/3/1,
625,广西,62,252,2,188,2020/3/1,
626,香港,60,98,2,36,2020/3/1,
627,福建,48,296,1,247,2020/3/1,
628,河南,45,1272,22,1205,2020/3/1,
629,上海,44,337,3,290,2020/3/1,
630,陕西,35,245,1,209,2020/3/1,
631,贵州,30,146,2,114,2020/3/1,
632,台湾,27,40,1,12,2020/3/1,
633,内蒙古,23,75,0,52,2020/3/1,
634,天津,22,136,3,111,2020/3/1,
635,辽宁,18,122,1,103,2020/3/1,
636,河北,18,318,6,294,2020/3/1,
637,山西,17,133,0,116,2020/3/1,
638,海南,14,168,5,149,2020/3/1,
639,吉林,14,93,1,78,2020/3/1,
640,云南,9,174,2,163,2020/3/1,
641,新疆,9,76,3,64,2020/3/1,
642,宁夏,5,74,0,69,2020/3/1,
643,甘肃,5,91,2,84,2020/3/1,
644,澳门,2,10,0,8,2020/3/1,
645,青海,0,18,0,18,2020/3/1,
646,西藏,0,1,0,1,2020/3/1,
647,湖北,28216,67217,2834,36167,2020/3/2,
648,广东,262,1350,7,1081,2020/3/2,
649,山东,255,758,6,497,2020/3/2,
650,四川,146,538,3,389,2020/3/2,
651,浙江,138,1213,1,1074,2020/3/2,
652,湖南,122,1018,4,892,2020/3/2,
653,北京,118,414,8,288,2020/3/2,
654,黑龙江,109,480,13,358,2020/3/2,
655,重庆,101,576,6,469,2020/3/2,
656,江苏,76,631,0,555,2020/3/2,
657,安徽,67,990,6,917,2020/3/2,
658,江西,64,935,1,870,2020/3/2,
659,香港,62,100,2,36,2020/3/2,
660,广西,48,252,2,202,2020/3/2,
661,上海,43,338,3,292,2020/3/2,
662,福建,40,296,1,255,2020/3/2,
663,贵州,30,146,2,114,2020/3/2,
664,台湾,28,41,1,12,2020/3/2,
665,陕西,28,245,1,216,2020/3/2,
666,河南,27,1272,22,1223,2020/3/2,
667,天津,22,136,3,111,2020/3/2,
668,辽宁,21,125,1,103,2020/3/2,
669,内蒙古,20,75,1,54,2020/3/2,
670,河北,15,318,6,297,2020/3/2,
671,山西,14,133,0,119,2020/3/2,
672,海南,12,168,5,151,2020/3/2,
673,吉林,9,93,1,83,2020/3/2,
674,新疆,6,76,3,67,2020/3/2,
675,宁夏,5,74,0,69,2020/3/2,
676,云南,4,174,2,168,2020/3/2,
677,甘肃,4,91,2,85,2020/3/2,
678,澳门,2,10,0,8,2020/3/2,
679,青海,0,18,0,18,2020/3/2,
680,西藏,0,1,0,1,2020/3/2,
681,湖北,28174,67217,2835,36208,2020/3/3,
682,山东,241,758,6,511,2020/3/3,
683,广东,214,1350,7,1129,2020/3/3,
684,四川,135,538,3,400,2020/3/3,
685,北京,118,414,8,288,2020/3/3,
686,浙江,117,1213,1,1095,2020/3/3,
687,湖南,101,1018,4,913,2020/3/3,
688,黑龙江,95,480,13,372,2020/3/3,
689,重庆,80,576,6,490,2020/3/3,
690,江苏,66,631,0,565,2020/3/3,
691,香港,61,100,2,37,2020/3/3,
692,江西,50,935,1,884,2020/3/3,
693,安徽,43,990,6,941,2020/3/3,
694,上海,41,338,3,294,2020/3/3,
695,广西,40,252,2,210,2020/3/3,
696,福建,34,296,1,261,2020/3/3,
697,贵州,30,146,2,114,2020/3/3,
698,台湾,29,42,1,12,2020/3/3,
699,陕西,26,245,1,218,2020/3/3,
700,辽宁,18,125,1,106,2020/3/3,
701,河南,16,1272,22,1234,2020/3/3,
702,内蒙古,15,75,1,59,2020/3/3,
703,河北,12,318,6,300,2020/3/3,
704,天津,9,136,3,124,2020/3/3,
705,山西,9,133,0,124,2020/3/3,
706,海南,8,168,5,155,2020/3/3,
707,吉林,8,93,1,84,2020/3/3,
708,宁夏,6,75,0,69,2020/3/3,
709,新疆,5,76,3,68,2020/3/3,
710,云南,3,174,2,169,2020/3/3,
711,甘肃,3,91,2,86,2020/3/3,
712,澳门,1,10,0,9,2020/3/3,
713,青海,0,18,0,18,2020/3/3,
714,西藏,0,1,0,1,2020/3/3,
715,湖北,24085,67466,2902,40479,2020/3/4,
716,广东,210,1350,7,1133,2020/3/4,
717,山东,176,758,6,576,2020/3/4,
718,四川,118,539,3,418,2020/3/4,
719,北京,113,418,8,297,2020/3/4,
720,浙江,96,1215,1,1118,2020/3/4,
721,黑龙江,89,481,13,379,2020/3/4,
722,湖南,81,1018,4,933,2020/3/4,
723,重庆,68,576,6,502,2020/3/4,
724,香港,60,105,2,43,2020/3/4,
725,江苏,52,631,0,579,2020/3/4,
726,上海,37,338,3,298,2020/3/4,
727,广西,37,252,2,213,2020/3/4,
728,江西,33,935,1,901,2020/3/4,
729,贵州,30,146,2,114,2020/3/4,
730,台湾,29,42,1,12,2020/3/4,
731,安徽,28,990,6,956,2020/3/4,
732,福建,25,296,1,270,2020/3/4,
733,陕西,22,245,1,222,2020/3/4,
734,辽宁,18,125,1,106,2020/3/4,
735,河南,11,1272,22,1239,2020/3/4,
736,河北,11,318,6,301,2020/3/4,
737,内蒙古,11,75,1,63,2020/3/4,
738,天津,9,136,3,124,2020/3/4,
739,山西,9,133,0,124,2020/3/4,
740,宁夏,6,75,0,69,2020/3/4,
741,吉林,6,93,1,86,2020/3/4,
742,海南,5,168,5,158,2020/3/4,
743,新疆,4,76,3,69,2020/3/4,
744,云南,3,174,2,169,2020/3/4,
745,甘肃,2,91,2,87,2020/3/4,
746,澳门,1,10,0,9,2020/3/4,
747,青海,0,18,0,18,2020/3/4,
748,西藏,0,1,0,1,2020/3/4,
749,湖北,23972,67466,2902,40592,2020/3/5,
750,山东,150,758,6,602,2020/3/5,
751,广东,135,1351,7,1209,2020/3/5,
752,北京,116,422,8,298,2020/3/5,
753,四川,108,539,3,428,2020/3/5,
754,黑龙江,88,481,13,380,2020/3/5,
755,浙江,73,1215,1,1141,2020/3/5,
756,湖南,68,1018,4,946,2020/3/5,
757,香港,60,105,2,43,2020/3/5,
758,重庆,58,576,6,512,2020/3/5,
759,江苏,43,631,0,588,2020/3/5,
760,上海,33,339,3,303,2020/3/5,
761,广西,33,252,2,217,2020/3/5,
762,台湾,31,44,1,12,2020/3/5,
763,贵州,30,146,2,114,2020/3/5,
764,江西,26,935,1,908,2020/3/5,
765,陕西,20,245,1,224,2020/3/5,
766,辽宁,18,125,1,106,2020/3/5,
767,福建,17,296,1,278,2020/3/5,
768,安徽,14,990,6,970,2020/3/5,
769,甘肃,13,102,2,87,2020/3/5,
770,河南,9,1272,22,1241,2020/3/5,
771,内蒙古,9,75,1,65,2020/3/5,
772,河北,8,318,6,304,2020/3/5,
773,山西,7,133,0,126,2020/3/5,
774,宁夏,6,75,0,69,2020/3/5,
775,天津,5,136,3,128,2020/3/5,
776,海南,4,168,6,158,2020/3/5,
777,吉林,4,93,1,88,2020/3/5,
778,云南,3,174,2,169,2020/3/5,
779,新疆,3,76,3,70,2020/3/5,
780,澳门,1,10,0,9,2020/3/5,
781,青海,0,18,0,18,2020/3/5,
782,西藏,0,1,0,1,2020/3/5,
783,湖北,21239,67666,2959,43468,2020/3/6,
784,山东,127,758,6,625,2020/3/6,
785,北京,115,426,8,303,2020/3/6,
786,广东,112,1352,7,1233,2020/3/6,
787,四川,88,539,3,448,2020/3/6,
788,黑龙江,66,481,13,402,2020/3/6,
789,浙江,65,1215,1,1149,2020/3/6,
790,湖南,55,1018,4,959,2020/3/6,
791,香港,54,107,2,51,2020/3/6,
792,重庆,50,576,6,520,2020/3/6,
793,上海,33,342,3,306,2020/3/6,
794,台湾,32,45,1,12,2020/3/6,
795,广西,31,252,2,219,2020/3/6,
796,江苏,30,631,0,601,2020/3/6,
797,甘肃,30,119,2,87,2020/3/6,
798,贵州,29,146,2,115,2020/3/6,
799,江西,18,935,1,916,2020/3/6,
800,辽宁,18,125,1,106,2020/3/6,
801,陕西,18,245,1,226,2020/3/6,
802,福建,11,296,1,284,2020/3/6,
803,内蒙古,9,75,1,65,2020/3/6,
804,河南,7,1272,22,1243,2020/3/6,
805,山西,7,133,0,126,2020/3/6,
806,河北,7,318,6,305,2020/3/6,
807,安徽,5,990,6,979,2020/3/6,
808,天津,5,136,3,128,2020/3/6,
809,海南,4,168,6,158,2020/3/6,
810,宁夏,4,75,0,71,2020/3/6,
811,云南,2,174,2,170,2020/3/6,
812,吉林,2,93,1,90,2020/3/6,
813,新疆,2,76,3,71,2020/3/6,
814,澳门,0,10,0,10,2020/3/6,
815,青海,0,18,0,18,2020/3/6,
816,西藏,0,1,0,1,2020/3/6,
817,湖北,19690,67707,2986,45031,2020/3/7,
818,山东,114,758,6,638,2020/3/7,
819,北京,112,428,8,308,2020/3/7,
820,广东,93,1352,7,1252,2020/3/7,
821,四川,77,539,3,459,2020/3/7,
822,黑龙江,59,481,13,409,2020/3/7,
823,浙江,54,1215,1,1160,2020/3/7,
824,香港,52,109,2,55,2020/3/7,
825,湖南,48,1018,4,966,2020/3/7,
826,重庆,44,576,6,526,2020/3/7,
827,台湾,31,45,1,13,2020/3/7,
828,甘肃,31,120,2,87,2020/3/7,
829,广西,27,252,2,223,2020/3/7,
830,贵州,27,146,2,117,2020/3/7,
831,上海,25,342,3,314,2020/3/7,
832,江苏,20,631,0,611,2020/3/7,
833,陕西,18,245,1,226,2020/3/7,
834,江西,15,935,1,919,2020/3/7,
835,辽宁,15,125,1,109,2020/3/7,
836,山西,7,133,0,126,2020/3/7,
837,天津,5,136,3,128,2020/3/7,
838,河北,5,318,6,307,2020/3/7,
839,宁夏,4,75,0,71,2020/3/7,
840,内蒙古,4,75,1,70,2020/3/7,
841,海南,3,168,6,159,2020/3/7,
842,河南,3,1272,22,1247,2020/3/7,
843,云南,2,174,2,170,2020/3/7,
844,吉林,2,93,1,90,2020/3/7,
845,安徽,0,990,6,984,2020/3/7,
846,澳门,0,10,0,10,2020/3/7,
847,福建,0,296,1,295,2020/3/7,
848,新疆,0,76,3,73,2020/3/7,
849,青海,0,18,0,18,2020/3/7,
850,西藏,0,1,0,1,2020/3/7,
851,湖北,18303,67743,3007,46433,2020/3/8,
852,北京,112,428,8,308,2020/3/8,
853,山东,105,758,6,647,2020/3/8,
854,广东,84,1352,8,1260,2020/3/8,
855,四川,71,539,3,465,2020/3/8,
856,香港,52,114,3,59,2020/3/8,
857,黑龙江,47,481,13,421,2020/3/8,
858,浙江,44,1215,1,1170,2020/3/8,
859,重庆,43,576,6,527,2020/3/8,
860,湖南,35,1018,4,979,2020/3/8,
861,甘肃,35,124,2,87,2020/3/8,
862,台湾,29,45,1,15,2020/3/8,
863,上海,25,342,3,314,2020/3/8,
864,贵州,21,146,2,123,2020/3/8,
865,广西,20,252,2,230,2020/3/8,
866,陕西,17,245,1,227,2020/3/8,
867,江西,15,935,1,919,2020/3/8,
868,辽宁,15,125,1,109,2020/3/8,
869,江苏,13,631,0,618,2020/3/8,
870,山西,7,133,0,126,2020/3/8,
871,天津,5,136,3,128,2020/3/8,
872,河北,5,318,6,307,2020/3/8,
873,宁夏,4,75,0,71,2020/3/8,
874,内蒙古,4,75,1,70,2020/3/8,
875,海南,3,168,6,159,2020/3/8,
876,河南,3,1272,22,1247,2020/3/8,
877,云南,2,174,2,170,2020/3/8,
878,吉林,2,93,1,90,2020/3/8,
879,安徽,0,990,6,984,2020/3/8,
880,澳门,0,10,0,10,2020/3/8,
881,福建,0,296,1,295,2020/3/8,
882,新疆,0,76,3,73,2020/3/8,
883,青海,0,18,0,18,2020/3/8,
884,西藏,0,1,0,1,2020/3/8,
885,湖北,17151,67760,3024,47585,2020/3/9,
886,北京,101,429,8,320,2020/3/9,
887,广东,75,1353,8,1270,2020/3/9,
888,四川,66,539,3,470,2020/3/9,
889,香港,52,115,3,60,2020/3/9,
890,山东,49,758,6,703,2020/3/9,
891,浙江,36,1215,1,1178,2020/3/9,
892,黑龙江,34,481,13,434,2020/3/9,
893,甘肃,34,124,2,88,2020/3/9,
894,台湾,29,45,1,15,2020/3/9,
895,重庆,28,576,6,542,2020/3/9,
896,湖南,26,1018,4,988,2020/3/9,
897,上海,24,342,3,315,2020/3/9,
898,陕西,17,245,1,227,2020/3/9,
899,广西,16,252,2,234,2020/3/9,
900,贵州,15,146,2,129,2020/3/9,
901,辽宁,14,125,1,110,2020/3/9,
902,江苏,9,631,0,622,2020/3/9,
903,江西,7,935,1,927,2020/3/9,
904,山西,6,133,0,127,2020/3/9,
905,河北,5,318,6,307,2020/3/9,
906,宁夏,4,75,0,71,2020/3/9,
907,内蒙古,4,75,1,70,2020/3/9,
908,海南,3,168,6,159,2020/3/9,
909,天津,3,136,3,130,2020/3/9,
910,河南,3,1272,22,1247,2020/3/9,
911,云南,2,174,2,170,2020/3/9,
912,吉林,1,93,1,91,2020/3/9,
913,安徽,0,990,6,984,2020/3/9,
914,澳门,0,10,0,10,2020/3/9,
915,福建,0,296,1,295,2020/3/9,
916,新疆,0,76,3,73,2020/3/9,
917,青海,0,18,0,18,2020/3/9,
918,西藏,0,1,0,1,2020/3/9,
919,湖北,15671,67773,3046,49056,2020/3/10,
920,北京,101,435,8,326,2020/3/10,
921,广东,63,1353,8,1282,2020/3/10,
922,四川,52,539,3,484,2020/3/10,
923,香港,52,120,3,65,2020/3/10,
924,甘肃,35,125,2,88,2020/3/10,
925,黑龙江,34,482,13,435,2020/3/10,
926,山东,33,758,6,719,2020/3/10,
927,台湾,29,47,1,17,2020/3/10,
928,重庆,23,576,6,547,2020/3/10,
929,上海,22,344,3,319,2020/3/10,
930,浙江,21,1215,1,1193,2020/3/10,
931,湖南,19,1018,4,995,2020/3/10,
932,陕西,17,245,1,227,2020/3/10,
933,贵州,15,146,2,129,2020/3/10,
934,广西,13,252,2,237,2020/3/10,
935,辽宁,13,125,1,111,2020/3/10,
936,河北,5,318,6,307,2020/3/10,
937,江苏,4,631,0,627,2020/3/10,
938,宁夏,4,75,0,71,2020/3/10,
939,内蒙古,4,75,1,70,2020/3/10,
940,海南,3,168,6,159,2020/3/10,
941,江西,2,935,1,932,2020/3/10,
942,云南,2,174,2,170,2020/3/10,
943,天津,2,136,3,131,2020/3/10,
944,山西,2,133,0,131,2020/3/10,
945,河南,1,1272,22,1249,2020/3/10,
946,吉林,1,93,1,91,2020/3/10,
947,湖北,14427,67781,3056,50298,2020/3/11,
948,北京,93,435,8,334,2020/3/11,
949,广东,60,1356,8,1288,2020/3/11,
950,香港,58,126,3,65,2020/3/11,
951,四川,42,539,3,494,2020/3/11,
952,甘肃,37,127,2,88,2020/3/11,
953,台湾,30,48,1,17,2020/3/11,
954,黑龙江,29,482,13,440,2020/3/11,
955,山东,21,760,6,733,2020/3/11,
956,上海,21,344,3,320,2020/3/11,
957,浙江,17,1215,1,1197,2020/3/11,
958,湖南,16,1018,4,998,2020/3/11,
959,重庆,16,576,6,554,2020/3/11,
960,辽宁,13,125,1,111,2020/3/11,
961,陕西,11,245,2,232,2020/3/11,
962,广西,9,252,2,241,2020/3/11,
963,贵州,7,146,2,137,2020/3/11,
964,河北,5,318,6,307,2020/3/11,
965,江苏,3,631,0,628,2020/3/11,
966,海南,3,168,6,159,2020/3/11,
967,宁夏,3,75,0,72,2020/3/11,
968,内蒙古,3,75,1,71,2020/3/11,
969,河南,2,1273,22,1249,2020/3/11,
970,江西,2,935,1,932,2020/3/11,
971,云南,2,174,2,170,2020/3/11,
972,山西,2,133,0,131,2020/3/11,
973,天津,1,136,3,132,2020/3/11,
974,吉林,1,93,1,91,2020/3/11,
975,湖北,14407,67781,3056,50318,2020/3/12,
976,北京,86,436,8,342,2020/3/12,
977,香港,59,129,3,67,2020/3/12,
978,广东,52,1356,8,1296,2020/3/12,
979,甘肃,37,127,2,88,2020/3/12,
980,四川,36,539,3,500,2020/3/12,
981,台湾,28,49,1,20,2020/3/12,
982,黑龙江,23,482,13,446,2020/3/12,
983,上海,22,346,3,321,2020/3/12,
984,浙江,17,1215,1,1197,2020/3/12,
985,山东,15,760,6,739,2020/3/12,
986,辽宁,12,125,1,112,2020/3/12,
987,陕西,11,245,2,232,2020/3/12,
988,湖南,10,1018,4,1004,2020/3/12,
989,广西,7,252,2,243,2020/3/12,
990,重庆,6,576,6,564,2020/3/12,
991,贵州,4,146,2,140,2020/3/12,
992,宁夏,3,75,0,72,2020/3/12,
993,内蒙古,3,75,1,71,2020/3/12,
994,河南,2,1273,22,1249,2020/3/12,
995,河北,2,318,6,310,2020/3/12,
996,云南,2,174,2,170,2020/3/12,
997,海南,2,168,6,160,2020/3/12,
998,江苏,1,631,0,630,2020/3/12,
999,天津,1,136,3,132,2020/3/12,
1000,山西,1,133,0,132,2020/3/12,
1001,吉林,1,93,1,91,2020/3/12,
1002,湖北,13171,67786,3062,51553,2020/3/13,
1003,北京,86,436,8,342,2020/3/13,
1004,香港,53,134,4,77,2020/3/13,
1005,广东,49,1356,8,1299,2020/3/13,
1006,甘肃,37,127,2,88,2020/3/13,
1007,台湾,29,50,1,20,2020/3/13,
1008,四川,26,539,3,510,2020/3/13,
1009,黑龙江,22,482,13,447,2020/3/13,
1010,上海,19,346,3,324,2020/3/13,
1011,浙江,17,1215,1,1197,2020/3/13,
1012,山东,13,760,7,740,2020/3/13,
1013,陕西,11,245,2,232,2020/3/13,
1014,辽宁,11,125,1,113,2020/3/13,
1015,广西,7,252,2,243,2020/3/13,
1016,湖南,5,1018,4,1009,2020/3/13,
1017,重庆,4,576,6,566,2020/3/13,
1018,宁夏,3,75,0,72,2020/3/13,
1019,内蒙古,3,75,1,71,2020/3/13,
1020,河南,2,1273,22,1249,2020/3/13,
1021,河北,2,318,6,310,2020/3/13,
1022,云南,2,174,2,170,2020/3/13,
1023,海南,2,168,6,160,2020/3/13,
1024,江苏,1,631,0,630,2020/3/13,
1025,贵州,1,146,2,143,2020/3/13,
1026,天津,1,136,3,132,2020/3/13,
1027,吉林,1,93,1,91,2020/3/13,
1028,湖北,10431,67794,3085,54278,2020/3/14,
1029,北京,81,442,8,353,2020/3/14,
1030,香港,56,141,4,81,2020/3/14,
1031,广东,46,1357,8,1303,2020/3/14,
1032,甘肃,41,132,2,89,2020/3/14,
1033,台湾,32,53,1,20,2020/3/14,
1034,上海,26,353,3,324,2020/3/14,
1035,四川,25,539,3,511,2020/3/14,
1036,浙江,19,1231,1,1211,2020/3/14,
1037,黑龙江,16,482,13,453,2020/3/14,
1038,山东,12,760,7,741,2020/3/14,
1039,陕西,11,245,2,232,2020/3/14,
1040,辽宁,11,125,1,113,2020/3/14,
1041,广西,7,252,2,243,2020/3/14,
1042,内蒙古,3,75,1,71,2020/3/14,
1043,河北,2,318,6,310,2020/3/14,
1044,海南,2,168,6,160,2020/3/14,
1045,宁夏,2,75,0,73,2020/3/14,
1046,河南,1,1273,22,1250,2020/3/14,
1047,江苏,1,631,0,630,2020/3/14,
1048,重庆,1,576,6,569,2020/3/14,
1049,贵州,1,146,2,143,2020/3/14,
1050,天津,1,136,3,132,2020/3/14,
1051,吉林,1,93,1,91,2020/3/14,
1052,湖北,9605,67798,3099,55094,2020/3/15,
1053,北京,80,446,8,358,2020/3/15,
1054,香港,61,149,4,84,2020/3/15,
1055,广东,47,1361,8,1306,2020/3/15,
1056,甘肃,40,133,2,91,2020/3/15,
1057,台湾,38,59,1,20,2020/3/15,
1058,上海,28,355,3,324,2020/3/15,
1059,四川,20,539,3,516,2020/3/15,
1060,浙江,17,1231,1,1213,2020/3/15,
1061,黑龙江,15,482,13,454,2020/3/15,
1062,陕西,11,245,2,232,2020/3/15,
1063,山东,10,760,7,743,2020/3/15,
1064,辽宁,10,125,1,114,2020/3/15,
1065,广西,3,252,2,247,2020/3/15,
1066,内蒙古,3,75,1,71,2020/3/15,
1067,河北,2,318,6,310,2020/3/15,
1068,海南,2,168,6,160,2020/3/15,
1069,宁夏,2,75,0,73,2020/3/15,
1070,河南,1,1273,22,1250,2020/3/15,
1071,云南,1,175,2,172,2020/3/15,
1072,贵州,1,146,2,143,2020/3/15,
1073,澳门,1,11,0,10,2020/3/15,
1074,湖北,8701,67799,3111,55987,2020/3/16,
1075,北京,79,455,8,368,2020/3/16,
1076,香港,65,157,4,88,2020/3/16,
1077,广东,47,1361,8,1306,2020/3/16,
1078,台湾,44,67,1,22,2020/3/16,
1079,甘肃,40,133,2,91,2020/3/16,
1080,上海,27,355,3,325,2020/3/16,
1081,四川,16,539,3,520,2020/3/16,
1082,浙江,14,1231,1,1216,2020/3/16,
1083,黑龙江,13,482,13,456,2020/3/16,
1084,陕西,10,246,3,233,2020/3/16,
1085,山东,8,761,7,746,2020/3/16,
1086,辽宁,5,125,1,119,2020/3/16,
1087,广西,3,253,2,248,2020/3/16,
1088,河北,2,318,6,310,2020/3/16,
1089,云南,2,176,2,172,2020/3/16,
1090,河南,1,1273,22,1250,2020/3/16,
1091,海南,1,168,6,161,2020/3/16,
1092,内蒙古,1,75,1,73,2020/3/16,
1093,澳门,1,11,0,10,2020/3/16,
1094,湖北,7795,67800,3122,56883,2020/3/17,
1095,北京,77,458,8,373,2020/3/17,
1096,香港,71,167,4,92,2020/3/17,
1097,台湾,54,77,1,22,2020/3/17,
1098,广东,49,1369,8,1312,2020/3/17,
1099,甘肃,40,133,2,91,2020/3/17,
1100,上海,33,361,3,325,2020/3/17,
1101,四川,17,540,3,520,2020/3/17,
1102,浙江,15,1232,1,1216,2020/3/17,
1103,黑龙江,10,482,13,459,2020/3/17,
1104,山东,8,761,7,746,2020/3/17,
1105,陕西,7,246,3,236,2020/3/17,
1106,辽宁,4,125,1,120,2020/3/17,
1107,澳门,3,13,0,10,2020/3/17,
1108,河北,2,318,6,310,2020/3/17,
1109,云南,2,176,2,172,2020/3/17,
1110,河南,1,1273,22,1250,2020/3/17,
1111,广西,1,253,2,250,2020/3/17,
1112,海南,1,168,6,161,2020/3/17,
1113,内蒙古,1,75,1,73,2020/3/17,
1114,湖北,6992,67800,3130,57678,2020/3/18,
1115,香港,93,192,4,95,2020/3/18,
1116,北京,92,479,8,379,2020/3/18,
1117,台湾,77,100,1,22,2020/3/18,
1118,广东,52,1378,8,1318,2020/3/18,
1119,甘肃,40,133,2,91,2020/3/18,
1120,上海,34,363,3,326,2020/3/18,
1121,浙江,15,1233,1,1217,2020/3/18,
1122,黑龙江,10,483,13,460,2020/3/18,
1123,山东,7,761,7,747,2020/3/18,
1124,澳门,7,17,0,10,2020/3/18,
1125,四川,6,540,3,531,2020/3/18,
1126,陕西,6,246,3,237,2020/3/18,
1127,河北,2,318,6,310,2020/3/18,
1128,云南,2,176,2,172,2020/3/18,
1129,辽宁,2,125,1,122,2020/3/18,
1130,河南,1,1273,22,1250,2020/3/18,
1131,广西,1,253,2,250,2020/3/18,
1132,海南,1,168,6,161,2020/3/18,
1133,湖北,6287,67800,3132,58381,2020/3/19,
1134,香港,106,208,4,98,2020/3/19,
1135,北京,93,485,8,384,2020/3/19,
1136,台湾,81,108,1,26,2020/3/19,
1137,广东,52,1378,8,1318,2020/3/19,
1138,上海,42,371,3,326,2020/3/19,
1139,甘肃,34,134,2,98,2020/3/19,
1140,浙江,15,1233,1,1217,2020/3/19,
1141,黑龙江,10,483,13,460,2020/3/19,
1142,山东,7,762,7,748,2020/3/19,
1143,陕西,7,247,3,237,2020/3/19,
1144,澳门,7,17,0,10,2020/3/19,
1145,四川,2,541,3,536,2020/3/19,
1146,河北,2,318,6,310,2020/3/19,
1147,广西,2,254,2,250,2020/3/19,
1148,云南,2,176,2,172,2020/3/19,
1149,辽宁,2,125,1,122,2020/3/19,
1150,河南,1,1273,22,1250,2020/3/19,
1151,海南,1,168,6,161,2020/3/19,
1152,天津,1,137,3,133,2020/3/19,
1153,湖北,5719,67800,3139,58942,2020/3/20,
1154,香港,154,256,4,98,2020/3/20,
1155,台湾,105,135,2,28,2020/3/20,
1156,北京,93,491,8,390,2020/3/20,
1157,广东,66,1399,8,1325,2020/3/20,
1158,上海,51,380,3,326,2020/3/20,
1159,甘肃,34,134,2,98,2020/3/20,
1160,浙江,14,1234,1,1219,2020/3/20,
1161,山东,8,764,7,749,2020/3/20,
1162,黑龙江,8,484,13,463,2020/3/20,
1163,福建,7,303,1,295,2020/3/20,
1164,澳门,7,17,0,10,2020/3/20,
1165,陕西,6,248,3,239,2020/3/20,
1166,四川,3,542,3,536,2020/3/20,
1167,河北,2,318,6,310,2020/3/20,
1168,广西,2,254,2,250,2020/3/20,
1169,云南,2,176,2,172,2020/3/20,
1170,辽宁,2,126,2,122,2020/3/20,
1171,河南,1,1273,22,1250,2020/3/20,
1172,海南,1,168,6,161,2020/3/20,
1173,天津,1,137,3,133,2020/3/20,
1174,湖北,5715,67800,3139,58946,2020/3/21,
1175,香港,169,273,4,100,2020/3/21,
1176,台湾,123,153,2,28,2020/3/21,
1177,北京,100,504,8,396,2020/3/21,
1178,广东,67,1400,8,1325,2020/3/21,
1179,上海,63,394,4,327,2020/3/21,
1180,甘肃,19,134,2,113,2020/3/21,
1181,浙江,16,1236,1,1219,2020/3/21,
1182,山东,8,765,7,750,2020/3/21,
1183,澳门,8,18,0,10,2020/3/21,
1184,福建,7,303,1,295,2020/3/21,
1185,黑龙江,6,484,13,465,2020/3/21,
1186,陕西,6,248,3,239,2020/3/21,
1187,四川,3,542,3,536,2020/3/21,
1188,河北,3,319,6,310,2020/3/21,
1189,广西,2,254,2,250,2020/3/21,
1190,云南,2,176,2,172,2020/3/21,
1191,辽宁,2,126,2,122,2020/3/21,
1192,河南,1,1273,22,1250,2020/3/21,
1193,海南,1,168,6,161,2020/3/21,
1194,天津,1,137,3,133,2020/3/21,
1195,湖北,4768,67800,3153,59879,2020/3/22,
1196,香港,213,317,4,100,2020/3/22,
1197,台湾,139,169,2,28,2020/3/22,
1198,北京,114,522,8,400,2020/3/22,
1199,广东,73,1413,8,1332,2020/3/22,
1200,上海,72,404,4,328,2020/3/22,
1201,甘肃,20,136,2,114,2020/3/22,
1202,福建,17,313,1,295,2020/3/22,
1203,浙江,16,1238,1,1221,2020/3/22,
1204,澳门,11,21,0,10,2020/3/22,
1205,山东,9,767,7,751,2020/3/22,
1206,黑龙江,6,484,13,465,2020/3/22,
1207,陕西,6,248,3,239,2020/3/22,
1208,四川,4,543,3,536,2020/3/22,
1209,河北,3,319,6,310,2020/3/22,
1210,河南,2,1274,22,1250,2020/3/22,
1211,江苏,2,633,0,631,2020/3/22,
1212,广西,2,254,2,250,2020/3/22,
1213,云南,2,176,2,172,2020/3/22,
1214,江西,1,936,1,934,2020/3/22,
1215,重庆,1,577,6,570,2020/3/22,
1216,海南,1,168,6,161,2020/3/22,
1217,天津,1,137,3,133,2020/3/22,
1218,辽宁,1,127,2,124,2020/3/22,
1219,湖北,3828,67801,3163,60810,2020/3/24,
1220,香港,280,386,4,102,2020/3/24,
1221,台湾,185,216,2,29,2020/3/24,
1222,北京,150,559,8,401,2020/3/24,
1223,上海,98,433,5,330,2020/3/24,
1224,广东,92,1433,8,1333,2020/3/24,
1225,福建,22,318,1,295,2020/3/24,
1226,浙江,19,1241,1,1221,2020/3/24,
1227,澳门,16,26,0,10,2020/3/24,
1228,甘肃,15,136,2,119,2020/3/24,
1229,山东,10,769,7,752,2020/3/24,
1230,天津,9,145,3,133,2020/3/24,
1231,江苏,7,638,0,631,2020/3/24,
1232,四川,6,545,3,536,2020/3/24,
1233,陕西,6,249,3,240,2020/3/24,
1234,黑龙江,3,484,13,468,2020/3/24,
1235,河北,3,319,6,310,2020/3/24,
1236,河南,2,1274,22,1250,2020/3/24,
1237,重庆,2,578,6,570,2020/3/24,
1238,广西,2,254,2,250,2020/3/24,
1239,云南,2,176,2,172,2020/3/24,
1240,内蒙古,2,77,1,74,2020/3/24,
1241,江西,1,936,1,934,2020/3/24,
1242,山西,1,134,0,133,2020/3/24,
1243,辽宁,1,127,2,124,2020/3/24,
1244,湖北,3431,67801,3169,61201,2020/3/25,
1245,香港,304,410,4,102,2020/3/25,
1246,台湾,204,235,2,29,2020/3/25,
1247,北京,154,565,8,403,2020/3/25,
1248,上海,116,451,5,330,2020/3/25,
1249,广东,89,1433,8,1336,2020/3/25,
1250,福建,32,328,1,295,2020/3/25,
1251,澳门,20,30,0,10,2020/3/25,
1252,浙江,19,1241,1,1221,2020/3/25,
1253,甘肃,13,136,2,121,2020/3/25,
1254,天津,11,147,3,133,2020/3/25,
1255,山东,10,769,7,752,2020/3/25,
1256,江苏,9,640,0,631,2020/3/25,
1257,四川,8,547,3,536,2020/3/25,
1258,陕西,7,250,3,240,2020/3/25,
1259,云南,4,178,2,172,2020/3/25,
1260,河北,3,319,6,310,2020/3/25,
1261,河南,2,1274,22,1250,2020/3/25,
1262,重庆,2,578,6,570,2020/3/25,
1263,黑龙江,2,484,13,469,2020/3/25,
1264,广西,2,254,2,250,2020/3/25,
1265,山西,2,135,0,133,2020/3/25,
1266,吉林,2,95,1,92,2020/3/25,
1267,内蒙古,2,77,1,74,2020/3/25,
1268,江西,1,936,1,934,2020/3/25,
1269,辽宁,1,127,2,124,2020/3/25,
1270,湖北,2896,67801,3174,61731,2020/3/26,
1271,香港,339,453,4,110,2020/3/26,
1272,台湾,221,252,2,29,2020/3/26,
1273,北京,152,566,8,406,2020/3/26,
1274,上海,132,468,5,331,2020/3/26,
1275,广东,104,1448,8,1336,2020/3/26,
1276,福建,35,331,1,295,2020/3/26,
1277,澳门,23,33,0,10,2020/3/26,
1278,浙江,20,1243,1,1222,2020/3/26,
1279,天津,16,152,3,133,2020/3/26,
1280,内蒙古,14,89,1,74,2020/3/26,
1281,甘肃,13,136,2,121,2020/3/26,
1282,山东,12,771,7,752,2020/3/26,
1283,江苏,9,640,0,631,2020/3/26,
1284,四川,8,547,3,536,2020/3/26,
1285,陕西,8,253,3,242,2020/3/26,
1286,云南,6,180,2,172,2020/3/26,
1287,河南,3,1275,22,1250,2020/3/26,
1288,河北,3,319,6,310,2020/3/26,
1289,辽宁,3,129,2,124,2020/3/26,
1290,重庆,2,578,6,570,2020/3/26,
1291,黑龙江,2,484,13,469,2020/3/26,
1292,广西,2,254,2,250,2020/3/26,
1293,山西,2,135,0,133,2020/3/26,
1294,吉林,2,95,1,92,2020/3/26,
1295,江西,1,936,1,934,2020/3/26,
1296,湖北,2526,67801,3177,62098,2020/3/27,
1297,香港,405,519,4,110,2020/3/27,
1298,台湾,236,267,2,29,2020/3/27,
1299,北京,155,572,8,409,2020/3/27,
1300,上海,129,468,5,334,2020/3/27,
1301,广东,111,1456,8,1337,2020/3/27,
1302,福建,41,337,1,295,2020/3/27,
1303,浙江,24,1247,1,1222,2020/3/27,
1304,澳门,23,33,0,10,2020/3/27,
1305,天津,19,155,3,133,2020/3/27,
1306,内蒙古,17,92,1,74,2020/3/27,
1307,山东,13,772,7,752,2020/3/27,
1308,甘肃,11,136,2,123,2020/3/27,
1309,江苏,10,641,0,631,2020/3/27,
1310,四川,9,548,3,536,2020/3/27,
1311,陕西,8,253,3,242,2020/3/27,
1312,云南,6,180,2,172,2020/3/27,
1313,辽宁,5,131,2,124,2020/3/27,
1314,吉林,4,97,1,92,2020/3/27,
1315,河北,3,319,6,310,2020/3/27,
1316,河南,2,1275,22,1251,2020/3/27,
1317,重庆,2,578,6,570,2020/3/27,
1318,黑龙江,2,484,13,469,2020/3/27,
1319,广西,2,254,2,250,2020/3/27,
1320,山西,2,135,0,133,2020/3/27,
1321,江西,1,936,1,934,2020/3/27,
1322,湖北,2054,67801,3182,62565,2020/3/28,
1323,香港,445,561,4,112,2020/3/28,
1324,台湾,251,283,2,30,2020/3/28,
1325,北京,157,576,8,411,2020/3/28,
1326,上海,146,485,5,334,2020/3/28,
1327,广东,118,1467,8,1341,2020/3/28,
1328,福建,42,338,1,295,2020/3/28,
1329,澳门,27,37,0,10,2020/3/28,
1330,浙江,25,1251,1,1225,2020/3/28,
1331,天津,25,161,3,133,2020/3/28,
1332,内蒙古,20,95,1,74,2020/3/28,
1333,山东,13,772,7,752,2020/3/28,
1334,江苏,10,641,0,631,2020/3/28,
1335,四川,9,548,3,536,2020/3/28,
1336,甘肃,9,136,2,125,2020/3/28,
1337,陕西,8,253,3,242,2020/3/28,
1338,辽宁,8,134,2,124,2020/3/28,
1339,云南,6,180,2,172,2020/3/28,
1340,吉林,5,98,1,92,2020/3/28,
1341,重庆,3,579,6,570,2020/3/28,
1342,河北,3,319,6,310,2020/3/28,
1343,山西,3,136,0,133,2020/3/28,
1344,河南,2,1275,22,1251,2020/3/28,
1345,黑龙江,2,484,13,469,2020/3/28,
1346,广西,2,254,2,250,2020/3/28,
1347,江西,1,936,1,934,2020/3/28,
1348,贵州,1,147,2,144,2020/3/28,
1349,湖北,2049,67801,3182,62570,2020/3/29,
1350,香港,525,641,4,112,2020/3/29,
1351,台湾,266,298,2,30,2020/3/29,
1352,上海,159,498,5,334,2020/3/29,
1353,北京,157,577,8,412,2020/3/29,
1354,广东,118,1475,8,1349,2020/3/29,
1355,福建,44,340,1,295,2020/3/29,
1356,天津,30,166,3,133,2020/3/29,
1357,浙江,29,1255,1,1225,2020/3/29,
1358,澳门,27,37,0,10,2020/3/29,
1359,内蒙古,22,97,1,74,2020/3/29,
1360,山东,13,773,7,753,2020/3/29,
1361,江苏,13,644,0,631,2020/3/29,
1362,四川,11,550,3,536,2020/3/29,
1363,甘肃,11,138,2,125,2020/3/29,
1364,辽宁,10,136,2,124,2020/3/29,
1365,陕西,8,253,3,242,2020/3/29,
1366,云南,6,180,2,172,2020/3/29,
1367,吉林,5,98,1,92,2020/3/29,
1368,河南,3,1276,22,1251,2020/3/29,
1369,重庆,3,579,6,570,2020/3/29,
1370,河北,3,319,6,310,2020/3/29,
1371,山西,3,136,0,133,2020/3/29,
1372,江西,2,937,1,934,2020/3/29,
1373,黑龙江,2,484,13,469,2020/3/29,
1374,广西,2,254,2,250,2020/3/29,
1375,贵州,1,147,2,144,2020/3/29,
1376,湖北,1461,67801,3187,63153,2020/3/30,
1377,香港,554,682,4,124,2020/3/30,
1378,台湾,262,306,5,39,2020/3/30,
1379,上海,166,509,5,338,2020/3/30,
1380,北京,156,580,8,416,2020/3/30,
1381,广东,125,1484,8,1351,2020/3/30,
1382,福建,47,343,1,295,2020/3/30,
1383,天津,38,174,3,133,2020/3/30,
1384,内蒙古,32,107,1,74,2020/3/30,
1385,浙江,30,1257,1,1226,2020/3/30,
1386,澳门,29,39,0,10,2020/3/30,
1387,江苏,15,646,0,631,2020/3/30,
1388,山东,14,774,7,753,2020/3/30,
1389,辽宁,13,139,2,124,2020/3/30,
1390,四川,11,550,3,536,2020/3/30,
1391,甘肃,11,138,2,125,2020/3/30,
1392,陕西,8,253,3,242,2020/3/30,
1393,云南,7,181,2,172,2020/3/30,
1394,河北,5,321,6,310,2020/3/30,
1395,吉林,5,98,1,92,2020/3/30,
1396,河南,3,1276,22,1251,2020/3/30,
1397,重庆,3,579,6,570,2020/3/30,
1398,山西,3,136,0,133,2020/3/30,
1399,黑龙江,2,484,13,469,2020/3/30,
1400,广西,2,254,2,250,2020/3/30,
1401,江西,1,937,1,935,2020/3/30,
1402,贵州,1,147,2,144,2020/3/30,
